gender dummy,NUMCHLD,TARGET_D
0,1,6.714483058210252
0,2,7.2
0,3,1.9230769230769231
0,4,5.0
0,5,0.0
1,1,6.469478308621636
1,2,5.453703703703703
1,3,2.388888888888889
1,4,4.75
